{
  "weights": {
    "fc1.weight": [
      [
        -0.31448039412498474,
        0.829585611820221
      ],
      [
        0.4559098482131958,
        -0.4512935280799866
      ],
      [
        0.2476334273815155,
        -0.7630079984664917
      ],
      [
        -0.22134321928024292,
        0.8243110179901123
      ]
    ],
    "fc1.bias": [
      1.3715835809707642,
      1.1702176332473755,
      0.5980271100997925,
      -0.3505930006504059
    ],
    "fc2.weight": [
      [
        0.29225024580955505,
        -0.5446656346321106,
        -0.38953766226768494,
        0.40616047382354736
      ],
      [
        -0.937530517578125,
        0.2938896417617798,
        1.1213489770889282,
        -1.100421667098999
      ]
    ],
    "fc2.bias": [
      -0.16347424685955048,
      -0.4882749915122986
    ]
  },
  "scaler_mean": [
    0.5181450387823976,
    0.2553665836254929
  ],
  "scaler_scale": [
    0.8945360179280724,
    0.5430594209146733
  ]
}