{
  "weights": {
    "fc1.weight": [
      [
        -0.023959174752235413,
        0.8959730863571167
      ],
      [
        1.4910123348236084,
        -0.40714240074157715
      ],
      [
        0.03772234916687012,
        0.07841695845127106
      ],
      [
        0.3622412085533142,
        -0.7033968567848206
      ]
    ],
    "fc1.bias": [
      0.9180266261100769,
      -0.9710918664932251,
      -0.33049267530441284,
      1.1045293807983398
    ],
    "fc2.weight": [
      [
        0.8582304120063782,
        -1.2377790212631226,
        -0.06253394484519958,
        -0.8290258049964905
      ],
      [
        -0.7988758087158203,
        0.4253842532634735,
        0.20635253190994263,
        0.8686485290527344
      ]
    ],
    "fc2.bias": [
      0.4430071711540222,
      -0.3899102210998535
    ]
  },
  "scaler_mean": [
    0.5181450387823976,
    0.2553665836254929
  ],
  "scaler_scale": [
    0.8945360179280724,
    0.5430594209146733
  ]
}