{
  "weights": {
    "fc1.weight": [
      [
        0.7564250230789185,
        -1.3057360649108887
      ],
      [
        0.33744823932647705,
        0.17623616755008698
      ],
      [
        -0.1630021184682846,
        1.0784639120101929
      ],
      [
        -1.0241180658340454,
        0.8281400799751282
      ]
    ],
    "fc1.bias": [
      0.6218823790550232,
      -0.8248133063316345,
      1.4549192190170288,
      -0.5939401388168335
    ],
    "fc2.weight": [
      [
        -0.7648112773895264,
        -0.07438836991786957,
        0.5070107579231262,
        0.610507607460022
      ],
      [
        0.412386953830719,
        -0.13628636300563812,
        -0.6058618426322937,
        -0.6650997400283813
      ]
    ],
    "fc2.bias": [
      -0.5527591705322266,
      0.1983921229839325
    ]
  },
  "scaler_mean": [
    0.5181450387823976,
    0.2553665836254929
  ],
  "scaler_scale": [
    0.8945360179280724,
    0.5430594209146733
  ]
}