{
  "weights": {
    "fc1.weight": [
      [
        0.3921207785606384,
        -1.0253520011901855
      ],
      [
        1.6381126642227173,
        0.07958188652992249
      ],
      [
        0.7788304686546326,
        0.9827597737312317
      ],
      [
        0.35956668853759766,
        -0.3906781077384949
      ]
    ],
    "fc1.bias": [
      1.091017246246338,
      -1.1393322944641113,
      0.8041251301765442,
      0.703327476978302
    ],
    "fc2.weight": [
      [
        -0.5510069727897644,
        -1.2683136463165283,
        0.7550126314163208,
        -0.4156303107738495
      ],
      [
        1.0798872709274292,
        1.7576532363891602,
        -0.49440062046051025,
        0.3354661166667938
      ]
    ],
    "fc2.bias": [
      0.615898072719574,
      -1.3238904476165771
    ]
  },
  "scaler_mean": [
    0.5181450387823976,
    0.2553665836254929
  ],
  "scaler_scale": [
    0.8945360179280724,
    0.5430594209146733
  ]
}