{
  "weights": {
    "fc1.weight": [
      [
        1.1486210823059082,
        -0.6837472319602966
      ],
      [
        0.528832733631134,
        0.6567801833152771
      ],
      [
        0.3343244791030884,
        -0.6790701150894165
      ],
      [
        -0.5136129260063171,
        0.9005105495452881
      ]
    ],
    "fc1.bias": [
      -0.5628003478050232,
      0.5602235198020935,
      1.1249452829360962,
      1.2824740409851074
    ],
    "fc2.weight": [
      [
        -0.2948375940322876,
        0.5095723271369934,
        -1.072793960571289,
        0.536858081817627
      ],
      [
        0.8369914293289185,
        -0.2870195508003235,
        0.45687443017959595,
        -0.6283710598945618
      ]
    ],
    "fc2.bias": [
      -0.03489582613110542,
      -0.17921631038188934
    ]
  },
  "scaler_mean": [
    0.5181450387823976,
    0.2553665836254929
  ],
  "scaler_scale": [
    0.8945360179280724,
    0.5430594209146733
  ]
}