{
  "weights": {
    "fc1.weight": [
      [
        -0.288923054933548,
        -0.04416971653699875
      ],
      [
        -0.30534499883651733,
        1.1616326570510864
      ],
      [
        0.6326125860214233,
        -1.188503623008728
      ],
      [
        0.0010890698758885264,
        -0.21100328862667084
      ]
    ],
    "fc1.bias": [
      -0.1661125123500824,
      0.8121790289878845,
      0.7236253023147583,
      -0.621159017086029
    ],
    "fc2.weight": [
      [
        0.1658964902162552,
        0.7405691742897034,
        -0.5929049849510193,
        -0.055257461965084076
      ],
      [
        -0.30379611253738403,
        -0.6015480756759644,
        0.8338176012039185,
        -0.10924004018306732
      ]
    ],
    "fc2.bias": [
      -0.19197921454906464,
      -0.3701493740081787
    ]
  },
  "scaler_mean": [
    0.5181450387823976,
    0.2553665836254929
  ],
  "scaler_scale": [
    0.8945360179280724,
    0.5430594209146733
  ]
}