{
  "weights": {
    "fc1.weight": [
      [
        -2.004551649093628,
        -0.38215938210487366
      ],
      [
        -0.6960043907165527,
        0.3748241364955902
      ],
      [
        0.6250393986701965,
        -1.1183377504348755
      ],
      [
        -1.7845309972763062,
        0.4522381126880646
      ]
    ],
    "fc1.bias": [
      0.9935988783836365,
      1.2524608373641968,
      0.9424181580543518,
      -0.8727104067802429
    ],
    "fc2.weight": [
      [
        -1.1203280687332153,
        1.023695468902588,
        -0.8509414792060852,
        0.9922231435775757
      ],
      [
        0.5421962738037109,
        -1.4300590753555298,
        0.32405054569244385,
        -0.9918861389160156
      ]
    ],
    "fc2.bias": [
      -0.0496751144528389,
      0.12171327322721481
    ]
  },
  "scaler_mean": [
    0.5181450387823976,
    0.2553665836254929
  ],
  "scaler_scale": [
    0.8945360179280724,
    0.5430594209146733
  ]
}