{
  "weights": {
    "fc1.weight": [
      [
        0.5973795652389526,
        -0.8817746043205261
      ],
      [
        0.3032318949699402,
        1.0962125062942505
      ],
      [
        -0.6940494775772095,
        0.5586398839950562
      ],
      [
        -1.5112500190734863,
        -0.12520593404769897
      ]
    ],
    "fc1.bias": [
      0.5313004851341248,
      1.1956154108047485,
      -0.6040084362030029,
      -1.3162481784820557
    ],
    "fc2.weight": [
      [
        -1.0473814010620117,
        1.0821706056594849,
        1.2023589611053467,
        1.5982433557510376
      ],
      [
        0.7498736381530762,
        -0.12971368432044983,
        -1.1706995964050293,
        -1.1052958965301514
      ]
    ],
    "fc2.bias": [
      0.005664723459631205,
      0.6328427195549011
    ]
  },
  "scaler_mean": [
    0.5181450387823976,
    0.2553665836254929
  ],
  "scaler_scale": [
    0.8945360179280724,
    0.5430594209146733
  ]
}