{
  "weights": {
    "fc1.weight": [
      [
        0.42691585421562195,
        -1.2579197883605957
      ],
      [
        0.9604906439781189,
        0.15934725105762482
      ],
      [
        0.1410456895828247,
        -1.3239750862121582
      ],
      [
        1.381544828414917,
        -0.15885569155216217
      ]
    ],
    "fc1.bias": [
      -0.5799741148948669,
      -0.6784722805023193,
      1.1005879640579224,
      -0.9915421009063721
    ],
    "fc2.weight": [
      [
        -0.45986953377723694,
        -0.9469959139823914,
        -1.0626287460327148,
        -1.1820521354675293
      ],
      [
        0.9099636673927307,
        1.034295916557312,
        0.6450894474983215,
        0.8086661100387573
      ]
    ],
    "fc2.bias": [
      1.288385272026062,
      -1.4125508069992065
    ]
  },
  "scaler_mean": [
    0.5181450387823976,
    0.2553665836254929
  ],
  "scaler_scale": [
    0.8945360179280724,
    0.5430594209146733
  ]
}